uid,lat,lng,datetime,tid,leaving_datetime,geoid
0,40.0087575,116.3202505,2008-11-13 03:52:33,13,2008-11-13 06:49:39,0
0,40.005306,116.31939399999999,2008-11-13 06:52:04,13,2008-11-13 07:36:14,1
0,39.958482000000004,116.316226,2008-11-13 07:57:44,13,2008-11-13 08:18:47,2
0,39.961389000000004,116.318998,2008-11-13 08:18:47,13,2008-11-13 11:03:09,3
0,40.001233,116.323682,2008-11-13 11:06:24,13,2008-11-13 13:53:31,4
0,40.0000065,116.3245225,2008-11-15 01:08:33,16,2008-11-15 03:30:45,5
0,40.009344,116.32088,2008-11-15 03:33:05,16,2008-11-15 04:00:05,0
0,39.999874,116.32735500000001,2009-04-10 02:26:30,51,2009-04-10 07:34:58,6
0,39.762828000000006,116.297274,2009-04-10 08:55:28,51,2009-04-10 12:52:38,7
0,39.99992,116.327356,2009-04-10 14:04:08,51,2009-04-10 17:05:18,6
0,39.99832,116.321572,2009-04-11 05:44:38,52,2009-04-11 06:13:28,8
0,39.999833,116.327289,2009-04-11 06:25:18,52,2009-04-11 07:20:37,6
0,39.762768,116.29729599999999,2009-04-11 08:42:27,52,2009-04-11 12:50:04,7
0,39.999894,116.32731399999999,2009-04-11 14:13:19,52,2009-04-11 17:16:20,6
0,40.000198,116.327174,2009-05-06 13:04:01,88,2009-05-06 18:27:08,6
0,39.999971,116.32731000000001,2009-05-20 01:15:11,110,2009-05-20 02:26:10,6
0,39.999793499999996,116.32726450000001,2009-05-21 04:58:47,113,2009-05-21 08:04:22,6
0,40.005432,116.326361,2009-05-21 08:08:07,113,2009-05-21 10:31:07,9
0,40.000187,116.32725900000001,2009-05-21 10:35:31,113,2009-05-21 13:48:29,6
0,40.000031,116.327073,2009-06-03 06:48:42,130,2009-06-03 09:09:21,6
0,40.003384499999996,116.32469900000001,2009-06-03 10:01:06,130,2009-06-03 11:53:13,6
0,40.00762,116.319823,2009-06-03 11:57:08,130,2009-06-03 12:54:39,10
0,39.999836,116.327328,2009-06-03 13:02:10,130,2009-06-03 14:55:35,6
0,40.009009000000006,116.31661899999999,2009-06-03 15:17:42,130,2009-06-03 16:25:34,11
3,39.896202,116.597672,2008-12-16 03:09:06,67,2008-12-16 03:29:31,12
3,39.898415,116.595996,2008-12-16 03:42:21,67,2008-12-16 04:59:05,13
3,39.999968,116.32730500000001,2009-03-06 04:48:39,168,2009-03-06 10:19:19,6
3,40.009627,116.319971,2009-03-06 10:28:49,168,2009-03-06 11:34:44,0
3,39.99995750000001,116.32735450000001,2009-03-06 11:43:24,168,2009-03-06 17:13:36,6
3,39.999947,116.327398,2009-03-11 00:46:17,177,2009-03-11 03:35:12,6
3,40.006226999999996,116.32554250000001,2009-03-11 04:07:47,177,2009-03-11 05:20:21,9
3,40.010061,116.314889,2009-03-11 05:28:56,177,2009-03-11 06:02:36,14
3,39.999963,116.32727299999999,2009-03-11 06:10:36,177,2009-03-11 09:38:58,6
3,40.009788,116.32262449999999,2009-03-11 09:45:38,177,2009-03-11 10:11:26,15
3,40.002590999999995,116.32628600000001,2009-03-11 10:26:26,177,2009-03-11 12:34:36,6
3,39.999874,116.32735500000001,2009-04-10 02:26:30,202,2009-04-10 07:34:58,6
3,39.762828000000006,116.297274,2009-04-10 08:55:28,202,2009-04-10 12:52:38,7
3,39.99992,116.327356,2009-04-10 14:04:08,202,2009-04-10 17:05:18,6
3,39.99832,116.321572,2009-04-11 05:44:38,203,2009-04-11 06:13:28,8
3,39.999833,116.327289,2009-04-11 06:25:18,203,2009-04-11 07:20:37,6
3,39.762768,116.29729599999999,2009-04-11 08:42:27,203,2009-04-11 12:50:04,7
3,39.999894,116.32731399999999,2009-04-11 14:13:19,203,2009-04-11 17:16:20,6
3,40.000198,116.327174,2009-05-06 13:04:01,239,2009-05-06 18:27:08,6
3,39.999971,116.32731000000001,2009-05-20 01:15:11,261,2009-05-20 02:26:10,6
3,39.999793499999996,116.32726450000001,2009-05-21 04:58:47,264,2009-05-21 08:04:22,6
3,40.005432,116.326361,2009-05-21 08:08:07,264,2009-05-21 10:31:07,9
3,40.000187,116.32725900000001,2009-05-21 10:35:31,264,2009-05-21 13:48:29,6
3,40.000031,116.327073,2009-06-03 06:48:42,281,2009-06-03 09:09:21,6
3,40.003384499999996,116.32469900000001,2009-06-03 10:01:06,281,2009-06-03 11:53:13,6
3,40.00762,116.319823,2009-06-03 11:57:08,281,2009-06-03 12:54:39,10
3,39.999836,116.327328,2009-06-03 13:02:10,281,2009-06-03 14:55:35,6
3,40.009009000000006,116.31661899999999,2009-06-03 15:17:42,281,2009-06-03 16:25:34,11
4,39.999946,116.32728200000001,2008-11-18 08:26:23,48,2008-11-18 10:23:01,6
4,39.991696999999995,116.320559,2008-11-18 10:58:29,48,2008-11-18 11:35:25,16
4,39.999540499999995,116.32713400000002,2008-11-18 11:42:50,48,2008-11-18 12:49:12,6
4,39.999824,116.32721049999999,2008-12-16 01:38:12,79,2008-12-16 03:56:56,6
4,39.9998935,116.32736849999999,2008-12-16 04:31:04,79,2008-12-16 09:28:06,6
4,40.000919,116.318881,2008-12-16 09:47:40,79,2008-12-16 10:35:15,17
4,40.007056,116.320824,2008-12-16 11:33:28,79,2008-12-16 12:04:06,18
4,40.00064999999999,116.326875,2008-12-16 12:18:21,79,2008-12-16 13:46:36,6
4,39.999894499999996,116.32730600000001,2008-12-18 01:00:43,82,2008-12-18 04:13:25,6
4,40.0054755,116.317036,2008-12-18 04:22:40,82,2008-12-18 04:48:26,19
4,40.000065,116.327247,2008-12-18 04:54:11,82,2008-12-18 05:42:25,6
4,40.010099,116.3223075,2008-12-18 05:48:35,82,2008-12-18 06:51:40,15
4,40.000107,116.327317,2008-12-18 06:58:45,82,2008-12-18 10:18:30,6
4,39.938538,116.350586,2008-12-18 10:57:05,82,2008-12-18 13:13:31,20
4,39.9539485,116.316416,2008-12-18 13:40:26,82,2008-12-18 14:04:16,21
4,39.955109,116.31296299999998,2008-12-18 14:08:36,82,2008-12-18 16:25:37,22
4,39.999945000000004,116.32743300000001,2008-12-21 06:54:21,87,2008-12-21 09:33:27,6
4,39.9928285,116.32685550000001,2008-12-21 09:41:02,87,2008-12-21 10:39:04,23
4,39.999732,116.327499,2008-12-21 10:47:45,87,2008-12-21 15:37:05,6
4,39.99986,116.326704,2009-01-06 06:58:04,114,2009-01-06 10:53:47,6
4,40.009459,116.32043,2009-01-06 11:01:52,114,2009-01-06 12:29:31,0
4,40.002782499999995,116.326178,2009-01-06 12:48:50,114,2009-01-06 14:06:02,6
4,39.999853,116.327422,2009-01-06 14:06:07,114,2009-01-06 15:00:26,6
4,40.00115,116.326752,2009-01-09 07:02:59,119,2009-01-09 07:45:46,6
4,39.985023999999996,116.3200195,2009-01-09 08:03:46,119,2009-01-09 08:25:32,24
4,39.999877000000005,116.327348,2009-01-09 08:34:22,119,2009-01-09 09:37:14,6
4,40.0098165,116.322542,2009-01-09 09:45:09,119,2009-01-09 10:10:41,15
4,39.9999435,116.327314,2009-01-09 10:23:56,119,2009-01-09 11:02:04,6
4,39.939387499999995,116.3480945,2009-01-09 11:30:24,119,2009-01-09 12:05:06,25
4,39.973501999999996,116.41781599999999,2009-01-09 13:17:06,119,2009-01-09 13:58:01,26
4,40.000261,116.327132,2009-01-09 14:51:29,119,2009-01-09 19:30:36,6
4,39.989323,116.3297625,2009-02-14 05:12:58,170,2009-02-14 05:57:57,27
4,39.991591,116.32786399999999,2009-02-14 06:02:43,170,2009-02-14 07:13:32,23
4,39.999887,116.326475,2009-02-14 07:39:52,170,2009-02-14 08:51:07,6
4,39.9916035,116.333555,2009-02-14 10:37:11,170,2009-02-14 12:10:29,28
4,39.989703000000006,116.32880300000001,2009-02-14 12:14:59,170,2009-02-14 13:47:54,27
4,39.998705,116.327481,2009-02-14 13:58:39,170,2009-02-14 16:56:28,6
4,39.9999415,116.32711699999999,2009-02-27 01:53:18,190,2009-02-27 03:42:31,6
4,40.005971,116.325639,2009-02-27 03:58:55,190,2009-02-27 05:22:03,9
4,39.999908000000005,116.327395,2009-02-27 05:26:13,190,2009-02-27 06:51:31,6
4,39.939422,116.34803500000001,2009-02-27 07:16:53,190,2009-02-27 07:42:28,25
4,39.9294935,116.4008795,2009-02-27 07:58:13,190,2009-02-27 08:38:28,29
4,39.9317875,116.41068200000001,2009-02-27 08:51:43,190,2009-02-27 09:30:42,30
4,39.999887,116.327431,2009-02-27 10:09:07,190,2009-02-27 12:04:44,6
4,39.995758,116.3289785,2009-02-27 12:08:59,190,2009-02-27 12:37:44,31
4,39.992424,116.327155,2009-02-27 12:40:04,190,2009-02-27 14:59:31,23
4,40.009026500000004,116.316465,2009-02-27 15:31:33,190,2009-02-27 16:27:36,11
4,39.999848,116.32723899999999,2009-03-11 19:11:28,207,2009-03-11 21:49:17,6
4,39.762835,116.2973365,2009-03-11 22:49:45,207,2009-03-12 00:51:06,7
4,39.9998905,116.32738900000001,2009-03-12 01:59:06,207,2009-03-12 04:10:34,6
4,40.009412499999996,116.32039499999999,2009-03-12 04:22:59,207,2009-03-12 05:09:57,0
4,40.010853999999995,116.321693,2009-03-12 05:14:19,207,2009-03-12 05:39:14,15
4,39.999859,116.32732,2009-03-12 05:48:49,207,2009-03-12 09:26:03,6
4,40.009425,116.32041799999999,2009-03-12 09:48:58,207,2009-03-12 10:29:06,0
4,39.992321000000004,116.327027,2009-03-12 11:02:46,207,2009-03-12 12:25:35,23
4,39.99991,116.32739099999999,2009-03-12 12:32:25,207,2009-03-12 14:43:08,6
4,40.000543,116.327049,2009-03-13 03:17:06,208,2009-03-13 03:39:16,6
4,39.990117,116.328441,2009-03-13 04:44:08,208,2009-03-13 06:02:04,27
4,39.96507,116.30173099999999,2009-03-13 06:19:19,208,2009-03-13 08:40:08,32
4,39.96631,116.30084699999999,2009-03-13 08:42:13,208,2009-03-13 09:28:52,32
4,39.9661445,116.30360300000001,2009-03-13 09:35:02,208,2009-03-13 10:07:23,32
4,39.965174,116.30283500000002,2009-03-13 10:10:09,208,2009-03-13 10:40:18,32
4,39.999863500000004,116.327301,2009-03-13 11:35:48,208,2009-03-13 17:17:15,6
4,39.965733,116.302672,2009-03-15 03:00:28,211,2009-03-15 03:39:12,32
4,39.96779,116.31055,2009-03-15 04:16:42,211,2009-03-15 08:06:35,33
4,39.936588,116.3322,2009-03-15 08:33:20,211,2009-03-15 09:20:51,34
4,39.939374,116.34675999999999,2009-03-15 09:41:27,211,2009-03-15 11:29:05,25
4,40.000887,116.327097,2009-03-15 13:29:06,211,2009-03-15 14:20:12,6
4,39.999842,116.327275,2009-03-16 05:22:06,212,2009-03-16 09:48:40,6
4,39.992434,116.32692,2009-03-16 09:59:05,212,2009-03-16 10:26:28,23
4,39.999795,116.327175,2009-03-16 10:39:51,212,2009-03-16 12:27:36,6
4,39.9999465,116.32734350000001,2009-03-16 12:44:40,212,2009-03-16 15:44:51,6
4,39.9998765,116.327361,2009-03-17 02:05:37,213,2009-03-17 02:43:31,6
4,40.0001255,116.32721799999999,2009-03-17 03:53:21,213,2009-03-17 09:50:47,6
4,40.009980999999996,116.32246799999999,2009-03-17 09:58:22,213,2009-03-17 10:25:04,15
4,39.999913,116.327301,2009-03-17 10:32:29,213,2009-03-17 12:35:05,6
4,40.002678,116.32611299999999,2009-03-17 12:38:05,213,2009-03-17 14:30:26,6
4,40.011074,116.321722,2009-03-17 14:35:41,213,2009-03-17 15:02:31,15
4,39.999888,116.3272125,2009-03-20 22:55:13,218,2009-03-21 03:30:33,6
4,40.005607,116.31723400000001,2009-03-21 03:35:48,218,2009-03-21 04:05:06,19
4,39.999897,116.32733400000001,2009-03-21 04:14:01,218,2009-03-21 06:32:23,6
4,39.9078395,116.3676825,2009-03-21 08:58:12,218,2009-03-21 12:39:34,35
4,39.999858,116.3272205,2009-03-21 14:25:47,218,2009-03-21 15:56:03,6
4,39.999944,116.327177,2009-03-23 06:31:57,221,2009-03-23 09:40:23,6
4,40.000183,116.326828,2009-03-23 10:43:05,221,2009-03-23 15:30:08,6
4,39.999998,116.3269775,2009-03-23 22:54:36,222,2009-03-24 03:45:37,6
4,40.009984,116.322453,2009-03-24 03:54:07,222,2009-03-24 04:18:09,15
4,40.007829,116.31980700000001,2009-03-24 04:19:49,222,2009-03-24 05:32:22,10
4,40.0095,116.324004,2009-03-24 05:33:47,222,2009-03-24 07:07:23,15
4,40.000369,116.32701499999999,2009-03-24 07:31:59,222,2009-03-24 09:35:39,6
4,40.009421,116.3205125,2009-03-24 09:44:14,222,2009-03-24 10:35:40,0
4,39.999821,116.3273675,2009-03-24 10:47:10,222,2009-03-24 15:15:29,6
4,39.8833465,116.3516905,2009-03-25 01:06:54,223,2009-03-25 03:47:25,36
4,40.006215000000005,116.32065700000001,2009-03-25 05:07:15,223,2009-03-25 06:22:55,18
4,39.999992999999996,116.327226,2009-03-25 06:27:45,223,2009-03-25 07:14:09,6
4,39.7626765,116.29718600000001,2009-04-01 22:48:49,225,2009-04-02 00:41:20,7
4,39.763452,116.297458,2009-04-02 00:41:20,225,2009-04-02 01:05:35,7
4,39.99981,116.3271555,2009-04-02 02:10:30,225,2009-04-02 03:53:04,6
4,40.010087999999996,116.32261050000001,2009-04-02 04:00:24,225,2009-04-02 04:26:04,15
4,40.009758500000004,116.31490399999998,2009-04-02 04:40:30,225,2009-04-02 05:46:42,14
4,39.999965,116.327151,2009-04-02 05:56:22,225,2009-04-02 09:43:05,6
4,40.009802,116.322395,2009-04-02 09:50:00,225,2009-04-02 10:15:33,15
4,39.9998785,116.32726149999999,2009-04-02 10:21:48,225,2009-04-02 16:03:45,6
4,40.000647,116.32726600000001,2009-04-09 04:56:54,235,2009-04-09 07:33:56,6
4,39.7627555,116.297271,2009-04-09 08:56:11,235,2009-04-09 12:51:37,7
4,39.999896,116.327344,2009-04-09 14:12:12,235,2009-04-09 18:29:58,6
4,40.01005550000001,116.31518,2009-04-09 18:41:18,235,2009-04-10 00:23:26,14
4,40.0006335,116.3270465,2009-04-10 00:31:41,235,2009-04-10 03:34:55,6
4,40.006112,116.325695,2009-04-10 03:55:57,235,2009-04-10 05:14:21,9
4,39.999932,116.327343,2009-04-10 05:18:51,235,2009-04-10 07:34:59,6
4,39.762807,116.297292,2009-04-10 08:55:29,235,2009-04-10 12:52:35,7
4,39.999877000000005,116.327265,2009-04-10 14:04:15,235,2009-04-10 14:25:28,6
4,40.00053,116.327009,2009-04-10 14:42:24,235,2009-04-10 17:04:34,6
4,39.994932,116.32101999999999,2009-04-13 05:20:38,239,2009-04-13 05:47:27,37
4,39.99989599999999,116.3273075,2009-04-13 05:55:44,239,2009-04-13 07:34:36,6
4,39.762747999999995,116.297348,2009-04-13 08:42:33,239,2009-04-13 12:46:37,7
4,39.999886,116.32733999999999,2009-04-13 14:08:27,239,2009-04-13 14:47:50,6
4,40.00959,116.32372600000001,2009-04-21 05:26:04,251,2009-04-21 06:57:25,15
4,40.01025,116.32181299999999,2009-04-21 07:03:35,251,2009-04-21 07:45:46,15
4,39.9998395,116.3266595,2009-04-21 07:52:22,251,2009-04-21 09:46:30,6
4,40.009288999999995,116.32057,2009-04-21 10:00:05,251,2009-04-21 10:47:06,0
4,39.999921,116.32727,2009-04-21 11:06:07,251,2009-04-21 15:44:39,6
4,39.995135999999995,116.328201,2009-04-21 15:49:09,251,2009-04-21 16:16:27,31
4,39.999552,116.326532,2009-05-12 03:20:28,280,2009-05-12 04:05:28,6
4,40.00977949999999,116.32265950000001,2009-05-12 04:12:39,280,2009-05-12 04:39:12,15
4,40.010824,116.32195,2009-05-12 04:40:37,280,2009-05-12 05:28:39,15
4,40.009584999999994,116.32391499999999,2009-05-12 05:30:54,280,2009-05-12 07:01:22,15
4,40.010331,116.32197,2009-05-12 07:02:52,280,2009-05-12 07:24:22,15
4,39.999618999999996,116.32681199999999,2009-05-12 08:07:06,280,2009-05-12 09:53:35,6
4,40.009335,116.3205295,2009-05-12 10:02:05,280,2009-05-12 10:33:30,0
4,39.999919500000004,116.3274,2009-05-12 10:52:55,280,2009-05-12 13:10:10,6
4,40.011195,116.3213685,2009-05-12 13:20:35,280,2009-05-12 14:35:06,15
4,40.00027,116.32717099999999,2009-05-12 14:46:06,280,2009-05-12 18:52:14,6
4,39.999762,116.32735500000001,2009-05-20 06:50:11,293,2009-05-20 07:11:06,6
4,40.001083,116.323603,2009-05-20 07:13:57,293,2009-05-20 08:59:00,4
4,39.999992999999996,116.327436,2009-05-20 09:00:05,293,2009-05-20 09:28:13,6
4,40.0090655,116.32714899999999,2009-05-20 09:37:14,293,2009-05-20 11:50:12,38
4,39.999868,116.32733200000001,2009-05-20 11:54:47,293,2009-05-20 17:35:13,6
4,39.999702,116.3270425,2009-05-25 07:03:08,301,2009-05-25 09:50:08,6
4,39.993046,116.32643200000001,2009-05-25 09:58:08,301,2009-05-25 11:52:26,23
4,40.0031855,116.32601199999999,2009-05-25 12:03:50,301,2009-05-25 12:30:55,6
4,40.0003785,116.32687049999998,2009-05-25 12:35:17,301,2009-05-25 15:00:05,6
4,40.000001,116.3270695,2009-05-26 02:44:09,302,2009-05-26 03:40:13,6
4,40.010441,116.322056,2009-05-26 04:05:51,302,2009-05-26 05:29:05,15
4,40.0094885,116.323962,2009-05-26 05:30:10,302,2009-05-26 06:59:52,15
4,40.001517,116.327288,2009-05-26 07:22:36,302,2009-05-26 09:41:11,6
4,40.0091475,116.32057950000001,2009-05-26 09:49:56,302,2009-05-26 12:02:45,0
4,39.999838,116.3270205,2009-05-26 12:08:35,302,2009-05-26 13:13:14,6
4,39.999922,116.3273025,2009-05-26 13:34:30,302,2009-05-26 17:14:11,6
4,40.001046,116.32361599999999,2009-05-27 07:15:25,303,2009-05-27 08:49:41,4
4,39.999863,116.327323,2009-05-27 08:52:51,303,2009-05-27 10:15:13,6
4,40.009788,116.322515,2009-05-27 10:27:48,303,2009-05-27 10:49:27,15
4,39.9999,116.3271315,2009-05-27 10:56:47,303,2009-05-27 14:36:02,6
4,40.001923000000005,116.324377,2009-06-06 06:15:15,318,2009-06-06 10:39:57,4
4,39.9949175,116.328069,2009-06-06 11:14:57,318,2009-06-06 12:07:00,31
4,39.966529,116.29678100000001,2009-06-06 13:14:05,318,2009-06-06 18:29:06,39
4,40.009662500000005,116.3236465,2009-06-09 07:00:26,323,2009-06-09 07:39:56,15
4,39.999928,116.3273095,2009-06-09 07:50:31,323,2009-06-09 10:11:05,6
4,39.999959000000004,116.327251,2009-06-09 10:39:41,323,2009-06-09 11:58:37,6
4,40.002577,116.326343,2009-06-09 12:02:12,323,2009-06-09 14:05:41,6
4,39.999888,116.327354,2009-06-09 14:07:16,323,2009-06-09 14:32:57,6
4,39.999951,116.3269,2009-06-17 01:54:32,337,2009-06-17 03:14:06,6
4,39.9658655,116.301252,2009-06-17 04:13:04,337,2009-06-17 04:57:42,32
4,39.965471,116.30030900000001,2009-06-17 05:02:53,337,2009-06-17 05:26:27,32
4,39.999807000000004,116.32729499999999,2009-06-17 06:09:38,337,2009-06-17 09:33:38,6
4,40.0092645,116.320417,2009-06-17 09:43:18,337,2009-06-17 10:14:27,0
4,39.992523,116.327001,2009-06-17 10:29:32,337,2009-06-17 11:04:48,23
4,39.999876,116.32668600000001,2009-06-17 11:15:44,337,2009-06-17 16:22:47,6
4,39.9999165,116.32731449999999,2009-06-22 05:56:51,346,2009-06-22 09:26:23,6
4,39.999891,116.327147,2009-06-22 09:51:58,346,2009-06-22 14:13:35,6
4,39.999863,116.327221,2009-06-22 14:22:10,346,2009-06-22 17:30:11,6
4,39.9999315,116.327393,2009-06-23 02:26:55,347,2009-06-23 03:24:01,6
4,40.0100635,116.3223325,2009-06-23 03:29:06,347,2009-06-23 07:23:08,15
4,40.005694,116.3427875,2009-06-23 07:38:53,347,2009-06-23 08:45:53,40
4,39.9999,116.327252,2009-06-23 08:58:28,347,2009-06-23 09:39:51,6
4,40.005376,116.317045,2009-06-23 09:47:36,347,2009-06-23 10:14:37,19
4,40.003151,116.3251,2009-06-23 10:21:27,347,2009-06-23 12:09:08,6
4,40.014251,116.321552,2009-06-23 12:29:33,347,2009-06-23 13:31:29,41
4,40.000062,116.327257,2009-06-23 13:39:24,347,2009-06-23 18:01:57,6
4,40.005970500000004,116.316176,2009-06-25 11:01:15,349,2009-06-25 11:21:40,19
4,39.991907,116.32194299999999,2009-06-25 12:56:35,349,2009-06-25 13:25:25,42
4,40.000784,116.32727299999999,2009-06-25 13:37:45,349,2009-06-25 15:42:28,6
4,40.0023925,116.3265385,2009-06-25 22:01:51,350,2009-06-26 00:07:06,6
4,40.010998,116.321734,2009-06-26 00:14:51,350,2009-06-26 00:50:13,15
4,39.999945499999995,116.3272825,2009-06-26 00:57:39,350,2009-06-26 04:00:17,6
4,40.009783,116.32265299999999,2009-06-26 04:07:37,350,2009-06-26 07:38:03,15
4,39.999931,116.327049,2009-06-26 07:48:09,350,2009-06-26 09:53:34,6
4,40.009326,116.3205385,2009-06-26 10:00:04,350,2009-06-26 10:26:56,0
4,39.992302,116.32705700000001,2009-06-26 10:41:01,350,2009-06-26 11:16:45,23
4,39.999769,116.327304,2009-06-26 11:23:16,350,2009-06-26 17:20:33,6
4,40.0029995,116.324206,2009-06-30 06:49:16,355,2009-06-30 09:10:31,6
4,40.005314,116.317181,2009-06-30 09:17:26,355,2009-06-30 10:01:56,19
4,40.000119,116.327233,2009-06-30 10:38:51,355,2009-06-30 12:04:18,6
4,40.002392,116.32654099999999,2009-06-30 12:06:38,355,2009-06-30 13:41:07,6
4,40.000111000000004,116.327102,2009-07-04 01:12:54,359,2009-07-04 04:09:53,6
4,40.009313,116.320348,2009-07-04 04:16:53,359,2009-07-04 04:43:00,0
4,39.999658000000004,116.32703400000001,2009-07-04 04:51:44,359,2009-07-04 06:43:57,6
4,40.011504,116.32171,2009-07-04 07:08:17,359,2009-07-04 10:50:39,15
4,39.965676,116.302747,2009-07-04 12:01:49,359,2009-07-04 12:44:08,32
4,39.999866,116.32727750000001,2009-07-04 13:32:13,359,2009-07-04 19:25:15,6
4,40.000240999999995,116.327118,2009-07-07 01:57:51,364,2009-07-07 03:39:30,6
4,40.009935,116.3226265,2009-07-07 03:45:10,364,2009-07-07 05:41:22,15
4,40.000266999999994,116.3270645,2009-07-07 05:47:37,364,2009-07-07 09:31:13,6
4,40.0054175,116.317144,2009-07-07 09:38:53,364,2009-07-07 10:09:02,19
4,40.003881,116.3181375,2009-07-07 10:09:02,364,2009-07-07 11:27:48,43
4,39.999731,116.326927,2009-07-07 11:35:33,364,2009-07-07 12:23:52,6
4,40.001936,116.326613,2009-07-07 12:26:01,364,2009-07-07 14:02:31,6
4,39.9999525,116.327022,2009-07-07 14:03:11,364,2009-07-07 16:47:09,6
4,40.001014999999995,116.327009,2009-07-08 02:23:47,365,2009-07-08 04:09:39,6
4,40.0043955,116.322293,2009-07-08 04:09:39,365,2009-07-08 05:36:38,44
4,40.005811,116.34305,2009-07-08 05:52:08,365,2009-07-08 07:50:14,40
4,40.000383,116.327175,2009-07-08 08:02:49,365,2009-07-08 10:06:56,6
4,39.995113,116.328233,2009-07-08 10:26:26,365,2009-07-08 10:58:40,31
4,39.999972,116.327119,2009-07-08 11:09:56,365,2009-07-08 12:54:15,6
4,39.994808,116.32056200000001,2009-07-08 12:59:15,365,2009-07-08 13:24:23,37
4,40.000840999999994,116.327242,2009-07-08 13:31:13,365,2009-07-08 16:43:54,6
4,40.002319,116.308543,2009-07-08 16:52:44,365,2009-07-08 17:27:34,45
4,40.000427,116.326982,2009-07-09 05:17:23,366,2009-07-09 10:01:55,6
4,40.009367499999996,116.32051,2009-07-09 10:10:15,366,2009-07-09 10:35:32,0
4,39.999909,116.327156,2009-07-09 10:43:27,366,2009-07-09 12:53:55,6
4,39.995931,116.328775,2009-07-09 13:01:50,366,2009-07-09 18:05:31,31
4,40.009506,116.32052,2009-07-10 03:22:13,367,2009-07-10 04:23:26,0
4,40.0011665,116.3280165,2009-07-10 04:37:11,367,2009-07-10 09:34:33,6
4,39.9999055,116.3272715,2009-07-10 12:29:05,367,2009-07-10 17:19:50,6
4,39.992621,116.32616999999999,2009-07-11 04:31:53,368,2009-07-11 05:44:03,23
4,40.01062,116.321937,2009-07-11 06:11:48,368,2009-07-11 07:35:36,15
4,39.9948365,116.32806699999999,2009-07-11 07:52:11,368,2009-07-11 09:06:41,31
4,39.991479,116.33296899999999,2009-07-11 09:28:41,368,2009-07-11 12:28:01,28
4,39.999706,116.32715300000001,2009-07-11 13:04:36,368,2009-07-11 17:39:53,6
4,39.994737,116.32803700000001,2009-07-11 17:43:23,368,2009-07-11 18:15:47,31
4,40.000401000000004,116.32715800000001,2009-07-13 03:09:47,371,2009-07-13 03:48:55,6
4,40.009943,116.32248999999999,2009-07-13 03:57:06,371,2009-07-13 04:25:46,15
4,39.999858,116.327289,2009-07-13 04:53:49,371,2009-07-13 06:55:08,6
4,39.999928999999995,116.32773999999999,2009-07-13 07:23:58,371,2009-07-13 09:14:26,6
4,40.009220500000005,116.320196,2009-07-13 09:21:26,371,2009-07-13 10:13:36,0
4,40.000331,116.326973,2009-07-13 10:20:36,371,2009-07-13 10:51:01,6
4,40.004346000000005,116.322123,2009-07-13 11:05:15,371,2009-07-13 11:31:10,44
4,40.0010735,116.327427,2009-07-13 11:48:05,371,2009-07-13 17:26:23,6
4,39.922948999999996,116.29445700000001,2009-07-14 02:22:06,372,2009-07-14 03:11:52,46
4,40.009313,116.320447,2009-07-14 04:23:09,372,2009-07-14 04:44:17,0
4,40.000134,116.32698899999998,2009-07-14 04:53:17,372,2009-07-14 09:09:47,6
4,40.009242,116.320431,2009-07-14 09:17:47,372,2009-07-14 10:55:05,0
4,39.9999385,116.3272345,2009-07-14 11:07:05,372,2009-07-14 14:51:38,6
4,39.999157499999995,116.328171,2009-07-17 04:45:16,377,2009-07-17 07:47:07,6
4,39.939369,116.347582,2009-07-17 08:46:31,377,2009-07-17 09:21:38,25
4,39.903476,116.4365375,2009-07-17 09:47:04,377,2009-07-17 10:57:08,47
4,39.906673,116.44249099999999,2009-07-17 11:10:13,377,2009-07-17 12:04:41,48
4,39.999821000000004,116.32731000000001,2009-07-17 12:20:48,377,2009-07-17 14:54:47,6
4,39.995163,116.32888600000001,2009-07-17 14:58:52,377,2009-07-17 17:23:19,31
4,39.999883000000004,116.32712099999999,2009-07-18 03:50:14,378,2009-07-18 04:33:40,6
4,39.896082,116.3166835,2009-07-18 05:56:10,378,2009-07-18 07:31:30,49
4,39.907484,116.40858349999999,2009-07-18 08:17:00,378,2009-07-18 11:25:37,50
4,39.902849,116.43659399999999,2009-07-18 12:09:17,378,2009-07-18 14:20:29,47
4,39.999979,116.32725350000001,2009-07-18 14:24:54,378,2009-07-18 18:16:37,6
4,39.99961450000001,116.3271565,2009-07-19 03:08:53,379,2009-07-19 04:04:17,6
4,39.965740000000004,116.30246299999999,2009-07-19 04:47:17,379,2009-07-19 05:27:17,32
4,39.9352625,116.3332395,2009-07-19 06:52:05,379,2009-07-19 07:44:00,51
4,39.936,116.3314105,2009-07-19 07:44:00,379,2009-07-19 09:17:08,34
4,39.967118,116.30125100000001,2009-07-19 09:59:21,379,2009-07-19 10:34:47,32
4,39.965573,116.30103899999999,2009-07-19 10:48:12,379,2009-07-19 11:35:11,32
4,39.999971,116.32736200000001,2009-07-19 12:33:06,379,2009-07-19 14:56:20,6
4,40.000339000000004,116.32698400000001,2009-07-21 04:43:56,382,2009-07-21 10:34:21,6
4,39.991328,116.3270055,2009-07-21 10:44:32,382,2009-07-21 11:08:58,23
4,39.999776000000004,116.327178,2009-07-21 11:17:08,382,2009-07-21 17:17:33,6
4,39.999829,116.32732299999999,2009-07-23 04:10:54,385,2009-07-23 05:28:49,6
4,40.000136,116.327099,2009-07-23 07:40:33,385,2009-07-23 11:40:59,6
4,39.994699999999995,116.32785200000001,2009-07-23 11:44:09,385,2009-07-23 12:09:23,31
4,40.000023999999996,116.327271,2009-07-23 12:14:50,385,2009-07-23 18:03:33,6
4,40.006783999999996,116.3240355,2009-07-24 05:25:35,386,2009-07-24 06:11:11,52
4,39.89544,116.314661,2009-07-24 07:29:48,386,2009-07-24 08:13:08,53
4,40.000176,116.32729599999999,2009-07-24 09:36:09,386,2009-07-24 10:26:46,6
4,39.937381,116.32793400000001,2009-07-24 11:06:58,386,2009-07-24 13:49:26,54
4,40.000771,116.32740700000001,2009-07-24 14:42:01,386,2009-07-24 17:40:47,6
4,39.965839,116.302351,2009-07-25 04:45:08,387,2009-07-25 05:14:59,32
4,39.938404999999996,116.33544199999999,2009-07-25 06:13:49,387,2009-07-25 10:12:46,55
4,39.993118,116.326924,2009-07-25 11:07:51,387,2009-07-25 11:31:33,23
4,39.9995055,116.32745800000001,2009-07-25 11:36:06,387,2009-07-25 17:02:03,6
5,39.999851500000005,116.326791,2008-10-24 04:17:35,0,2008-10-24 08:30:51,6
5,39.958918,116.360722,2008-10-24 09:17:00,0,2008-10-24 09:54:05,56
5,39.957858,116.35666200000001,2008-10-24 09:58:45,0,2008-10-24 11:32:13,57
5,40.001,116.32703649999999,2008-10-25 15:36:54,2,2008-10-25 18:19:24,6
5,40.011633,116.32110800000001,2008-10-27 23:23:26,5,2008-10-27 23:45:11,15
5,40.01179,116.3210765,2008-10-28 00:05:21,5,2008-10-28 00:32:56,15
5,40.011508,116.32116150000002,2008-10-28 00:51:26,5,2008-10-28 02:59:51,15
5,40.011239,116.320981,2008-10-28 03:04:16,5,2008-10-28 03:29:26,15
5,40.011413,116.3208545,2008-10-28 03:58:41,5,2008-10-28 04:26:01,15
5,40.011351,116.32165,2008-10-28 04:26:01,5,2008-10-28 04:53:31,15
5,39.9998885,116.3272075,2008-10-28 05:18:31,5,2008-10-28 10:33:18,6
5,40.009367,116.319883,2008-10-28 10:47:23,5,2008-10-28 11:23:58,0
5,40.001064,116.32658500000001,2008-10-28 11:39:13,5,2008-10-28 14:33:33,6
5,40.000629,116.3270215,2008-11-01 02:25:37,13,2008-11-01 02:46:47,6
5,40.0042665,116.322277,2008-11-01 02:57:32,13,2008-11-01 03:22:27,44
5,40.011694500000004,116.321151,2008-11-01 04:38:47,13,2008-11-01 05:06:02,15
5,40.009113,116.320582,2008-11-01 05:42:02,13,2008-11-01 06:57:50,0
5,39.922938,116.29360600000001,2008-11-01 08:20:50,13,2008-11-01 08:48:15,46
5,40.011592,116.321173,2008-11-01 10:48:00,13,2008-11-01 13:02:40,15
5,40.0116365,116.321164,2008-11-01 13:46:20,13,2008-11-01 14:16:05,15
5,39.976511,116.337317,2008-11-01 15:29:14,13,2008-11-01 16:15:14,58
5,39.999983,116.327324,2008-11-11 01:25:27,26,2008-11-11 04:17:29,6
5,40.0106975,116.32172,2008-11-11 04:37:59,26,2008-11-11 06:00:38,15
5,39.999804499999996,116.32740849999999,2008-11-11 06:08:08,26,2008-11-11 10:17:29,6
5,40.004216,116.322248,2008-11-11 10:17:29,26,2008-11-11 10:44:29,44
5,39.999895499999994,116.32729649999999,2008-11-11 10:47:29,26,2008-11-11 14:13:13,6
5,40.003701,116.322185,2008-11-11 14:18:38,26,2008-11-11 14:44:23,44
5,40.011554,116.321192,2008-11-11 14:52:08,26,2008-11-11 15:48:08,15
5,39.9999795,116.32726599999998,2008-11-20 04:58:09,41,2008-11-20 09:53:08,6
5,40.010501,116.322069,2009-02-22 05:53:40,70,2009-02-22 06:38:00,15
5,40.004740999999996,116.32237099999999,2009-02-22 06:41:45,70,2009-02-22 07:13:35,44
5,39.989976,116.33349199999999,2009-02-22 07:40:00,70,2009-02-22 09:32:30,59
5,39.991957,116.32718449999999,2009-02-22 10:36:00,70,2009-02-22 11:27:58,23
5,40.006708,116.32026,2009-02-23 10:02:13,71,2009-02-23 12:21:04,18
5,40.0000145,116.32686999999999,2009-02-24 01:09:30,72,2009-02-24 04:05:05,6
5,40.010374,116.32252299999999,2009-02-24 04:13:10,72,2009-02-24 04:33:55,15
5,40.010189000000004,116.32259599999999,2009-03-11 10:12:34,79,2009-03-11 10:33:19,15
30,40.001706,116.3197825,2009-01-21 01:11:29,16,2009-01-21 01:32:22,60
30,39.999908000000005,116.327246,2009-01-21 01:37:47,16,2009-01-21 02:07:35,6
30,39.999976000000004,116.32717199999999,2009-01-21 02:53:52,16,2009-01-21 04:00:40,6
30,39.998335,116.32165400000001,2009-04-11 05:49:40,118,2009-04-11 06:13:37,8
30,39.999933,116.32737,2009-04-11 06:25:22,118,2009-04-11 07:19:09,6
30,39.762769,116.29733999999999,2009-04-11 08:42:45,118,2009-04-11 13:05:45,7
30,39.9998845,116.326956,2009-04-11 14:13:53,118,2009-04-11 17:16:19,6
69,39.981825,116.308225,2008-05-06 05:31:10,4,2008-05-06 09:44:04,61
69,39.985916666666704,116.32715,2008-05-06 09:56:59,4,2008-05-06 10:42:32,62
69,39.917338,116.300173,2008-05-27 08:05:32,6,2008-05-27 09:25:42,63
69,39.918240999999995,116.3012905,2008-05-27 09:25:42,6,2008-05-27 09:48:44,63
69,39.918186999999996,116.30030900000001,2008-05-27 09:48:45,6,2008-05-27 10:17:40,63
69,39.91806,116.300592,2008-05-27 10:17:54,6,2008-05-27 10:45:03,63
69,39.918034000000006,116.3000585,2008-05-27 10:50:10,6,2008-05-27 11:30:52,63
69,39.918123,116.300174,2008-05-27 13:04:16,6,2008-05-27 13:44:25,63
81,40.0091635,116.31983299999999,2008-07-22 00:54:04,23,2008-07-22 03:04:09,0
81,40.010123,116.322075,2008-07-22 03:06:55,23,2008-07-22 03:43:40,15
81,40.009168,116.320664,2008-07-22 03:46:39,23,2008-07-22 09:04:23,0
81,40.010334,116.321922,2008-07-22 09:04:23,23,2008-07-22 09:30:04,15
81,40.008331,116.31708,2008-07-26 15:50:31,28,2008-07-26 16:20:42,11
96,39.975306,116.3305675,2008-10-16 02:05:14,77,2008-10-16 03:31:48,64
96,40.010202,116.32243400000002,2008-10-16 04:01:37,77,2008-10-16 04:27:18,15
96,39.983476499999995,116.30701050000002,2008-10-26 02:59:58,84,2008-10-26 05:16:54,65
96,39.975231,116.3305505,2008-12-05 06:10:52,108,2008-12-05 09:17:06,64
96,40.007874,116.31929,2008-12-05 10:27:03,108,2008-12-05 11:22:54,10
125,39.982182,116.3201375,2008-09-25 11:25:10,51,2008-09-25 15:41:23,66
126,39.9713905,116.42174650000001,2008-08-02 09:12:38,91,2008-08-02 09:47:56,67
126,39.984278,116.38669949999999,2008-08-02 10:27:03,91,2008-08-02 12:43:11,68
126,39.976508,116.41789299999999,2008-08-02 14:40:13,91,2008-08-02 15:31:28,69
126,40.005049,116.321348,2008-08-03 03:17:40,92,2008-08-03 03:37:43,44
126,39.987935,116.417542,2008-08-03 04:31:06,92,2008-08-03 10:17:24,70
126,39.9728915,116.4188155,2008-08-03 10:19:43,92,2008-08-03 11:59:06,71
126,39.974917,116.41788000000001,2008-08-03 11:59:06,92,2008-08-03 12:25:38,72
126,40.007283,116.318275,2008-10-13 04:10:39,132,2008-10-13 09:42:53,73
126,40.009510999999996,116.320252,2008-10-13 09:46:07,132,2008-10-13 10:27:08,0
126,39.991363,116.309761,2008-10-13 10:47:54,132,2008-10-13 11:15:50,74
126,40.007296999999994,116.31823200000001,2008-10-13 11:38:45,132,2008-10-13 11:59:03,73
126,39.997021999999994,116.38513400000001,2008-10-15 13:30:24,136,2008-10-15 14:56:13,75
126,39.976082,116.33088500000001,2008-10-16 03:47:08,137,2008-10-16 08:29:06,64
126,39.998709000000005,116.3082965,2008-10-16 09:05:22,137,2008-10-16 09:30:54,76
126,40.005086999999996,116.32070900000001,2008-10-16 09:43:22,137,2008-10-16 10:30:08,44
126,40.007335,116.31781200000002,2008-10-18 03:03:53,140,2008-10-18 04:14:11,73
126,40.006281,116.32032,2008-10-18 04:15:13,140,2008-10-18 04:59:55,18
126,39.9748605,116.33363250000001,2008-10-18 05:37:43,140,2008-10-18 06:35:25,77
126,39.876864000000005,116.406779,2008-10-18 08:22:11,140,2008-10-18 08:50:57,78
126,39.894476,116.39231799999999,2008-10-18 10:21:21,140,2008-10-18 11:05:37,79
126,39.906585,116.390173,2008-10-18 12:13:53,140,2008-10-18 13:39:00,80
126,39.975653,116.33083400000001,2008-10-22 06:15:06,146,2008-10-22 06:39:16,64
126,39.974959000000005,116.33093899999999,2008-10-22 06:47:02,146,2008-10-22 07:22:44,64
126,39.975284,116.33071399999999,2008-10-22 07:22:44,146,2008-10-22 07:48:20,64
126,39.9757265,116.331737,2008-10-22 08:07:18,146,2008-10-22 09:57:02,64
126,40.0066855,116.32094049999999,2008-10-22 10:25:00,146,2008-10-22 10:54:02,18
126,39.975318,116.330899,2008-10-22 11:19:41,146,2008-10-22 16:44:06,64
126,39.97553,116.33083700000002,2008-11-26 02:19:00,177,2008-11-26 07:21:53,64
126,39.971336,116.42241000000001,2008-11-26 08:04:41,177,2008-11-26 09:01:25,67
126,39.971469,116.422145,2008-11-26 09:05:37,177,2008-11-26 14:52:43,67
126,39.976456999999996,116.41181599999999,2008-11-26 15:01:09,177,2008-11-26 15:27:29,81
126,39.997508,116.318727,2009-01-25 02:13:09,240,2009-01-25 02:39:59,82
126,39.976307,116.3306785,2009-02-11 04:57:16,253,2009-02-11 09:15:05,64
129,39.917338,116.300173,2008-05-27 08:05:32,6,2008-05-27 09:25:42,63
129,39.918240999999995,116.3012905,2008-05-27 09:25:42,6,2008-05-27 09:48:44,63
129,39.918186999999996,116.30030900000001,2008-05-27 09:48:45,6,2008-05-27 10:17:40,63
129,39.91806,116.300592,2008-05-27 10:17:54,6,2008-05-27 10:45:03,63
129,39.918034000000006,116.3000585,2008-05-27 10:50:10,6,2008-05-27 11:30:52,63
129,39.918123,116.300174,2008-05-27 13:04:16,6,2008-05-27 13:44:25,63
167,40.00173333333335,116.32438333333351,2008-03-15 05:52:05,11,2008-03-15 07:59:41,4
167,39.99134166666664,116.3286166666665,2008-03-15 08:08:13,11,2008-03-15 08:44:00,23
167,39.977575,116.3629416666665,2008-03-15 08:48:20,11,2008-03-15 13:16:38,83
167,39.975241600000004,116.3275433,2008-03-28 10:14:21,27,2008-03-28 12:08:33,84
167,40.004334899999996,116.3112933,2008-03-28 12:20:20,27,2008-03-28 13:19:41,85
167,39.980543299999994,116.3276633,2008-03-28 13:50:45,27,2008-03-28 17:53:39,86
167,40.0100349,116.31968,2008-03-28 20:21:11,27,2008-03-28 20:54:39,0
167,40.006639899999996,116.31543329999998,2008-03-28 21:13:10,27,2008-03-28 21:43:38,19
167,40.006873299999995,116.3207633,2008-03-28 21:46:26,27,2008-03-28 23:20:27,18
167,40.002063500000006,116.32435100000001,2008-05-04 05:07:14,79,2008-05-04 10:42:23,4
167,39.970048999999996,116.423158,2008-05-04 11:41:14,79,2008-05-04 12:32:41,67
167,39.97051,116.422251,2008-05-04 12:57:16,79,2008-05-04 13:26:53,67
167,39.97597,116.330826,2008-05-04 14:12:31,79,2008-05-04 16:31:17,64
167,40.001495000000006,116.31672799999998,2008-05-16 02:33:56,104,2008-05-16 04:07:30,87
167,40.0062105,116.3204245,2008-05-16 04:11:55,104,2008-05-16 07:01:18,18
167,39.976409999999994,116.33016200000002,2008-05-16 07:22:56,104,2008-05-16 10:23:35,64
167,39.98807600000001,116.304705,2008-05-16 11:03:55,104,2008-05-16 13:02:12,88
167,39.987185,116.3022925,2008-05-16 13:07:09,104,2008-05-16 13:42:54,89
167,39.9945125,116.3254675,2008-05-22 01:43:18,115,2008-05-22 02:05:08,90
167,39.976467,116.33058499999999,2008-05-22 02:15:57,115,2008-05-22 03:57:12,64
167,40.009513,116.325809,2008-05-22 04:10:23,115,2008-05-22 06:26:27,91
167,39.975806,116.33004299999999,2008-05-22 06:45:51,115,2008-05-22 10:30:39,64
167,39.975146,116.329295,2008-05-22 10:30:39,115,2008-05-22 10:50:54,64
167,39.9702115,116.42317,2008-05-22 11:27:51,115,2008-05-22 15:31:59,67
167,39.969496,116.42281249999999,2008-05-31 03:45:30,126,2008-05-31 05:12:47,67
167,40.007677,116.46936200000002,2008-05-31 06:09:00,126,2008-05-31 10:24:59,92
167,39.990107,116.456455,2008-05-31 10:49:47,126,2008-05-31 13:13:36,93
167,39.975631,116.330891,2008-05-31 14:06:16,126,2008-05-31 15:19:24,64
167,40.0047945,116.322678,2008-06-01 04:25:37,127,2008-06-01 05:01:05,44
167,40.006454,116.41096599999999,2008-06-01 08:45:35,127,2008-06-01 10:04:47,94
167,39.977846,116.416559,2008-06-01 10:56:48,127,2008-06-01 11:21:20,95
167,39.9690415,116.42195950000001,2008-06-01 11:47:21,127,2008-06-01 12:12:48,67
167,40.007283,116.318275,2008-10-13 04:10:39,265,2008-10-13 09:42:53,73
167,40.009510999999996,116.320252,2008-10-13 09:46:07,265,2008-10-13 10:27:08,0
167,39.991363,116.309761,2008-10-13 10:47:54,265,2008-10-13 11:15:50,74
167,40.007296999999994,116.31823200000001,2008-10-13 11:38:45,265,2008-10-13 11:59:03,73
167,39.997021999999994,116.38513400000001,2008-10-15 13:30:24,269,2008-10-15 14:56:13,75
167,39.976082,116.33088500000001,2008-10-16 03:47:08,270,2008-10-16 08:29:06,64
167,39.998709000000005,116.3082965,2008-10-16 09:05:22,270,2008-10-16 09:30:54,76
167,40.005086999999996,116.32070900000001,2008-10-16 09:43:22,270,2008-10-16 10:30:08,44
167,40.007335,116.31781200000002,2008-10-18 03:03:53,273,2008-10-18 04:14:11,73
167,40.006281,116.32032,2008-10-18 04:15:13,273,2008-10-18 04:59:55,18
167,39.9748605,116.33363250000001,2008-10-18 05:37:43,273,2008-10-18 06:35:25,77
167,39.876864000000005,116.406779,2008-10-18 08:22:11,273,2008-10-18 08:50:57,78
167,39.894476,116.39231799999999,2008-10-18 10:21:21,273,2008-10-18 11:05:37,79
167,39.906585,116.390173,2008-10-18 12:13:53,273,2008-10-18 13:39:00,80
167,39.975653,116.33083400000001,2008-10-22 06:15:06,279,2008-10-22 06:39:16,64
167,39.974959000000005,116.33093899999999,2008-10-22 06:47:02,279,2008-10-22 07:22:44,64
167,39.975284,116.33071399999999,2008-10-22 07:22:44,279,2008-10-22 07:48:20,64
167,39.9757265,116.331737,2008-10-22 08:07:18,279,2008-10-22 09:57:02,64
167,40.0066855,116.32094049999999,2008-10-22 10:25:00,279,2008-10-22 10:54:02,18
167,39.975318,116.330899,2008-10-22 11:19:41,279,2008-10-22 16:44:06,64
167,39.97553,116.33083700000002,2008-11-26 02:19:00,306,2008-11-26 07:21:53,64
167,39.971336,116.42241000000001,2008-11-26 08:04:41,306,2008-11-26 09:01:25,67
167,39.971469,116.422145,2008-11-26 09:05:37,306,2008-11-26 14:52:43,67
167,39.976456999999996,116.41181599999999,2008-11-26 15:01:09,306,2008-11-26 15:27:29,81
167,39.997508,116.318727,2009-01-25 02:13:09,364,2009-01-25 02:39:59,82
167,39.976307,116.3306785,2009-02-11 04:57:16,376,2009-02-11 09:15:05,64
