{"suggestion": {"keywords": [], "cities": []}, "count": "84", "infocode": "10000", "pois": [{"parent": [], "address": "\u53cc\u6e05\u8def30\u53f7\u6e05\u534e\u5927\u5b66", "distance": "327", "pname": "\u5317\u4eac\u5e02", "importance": [], "biz_ext": {"cost": [], "opentime2": "10:00-19:30", "rating": "3.5", "open_time": "10:00-19:30", "meal_ordering": "0"}, "biz_type": "diner", "cityname": "\u5317\u4eac\u5e02", "type": "\u9910\u996e\u670d\u52a1;\u4e2d\u9910\u5385;\u4e2d\u9910\u5385", "photos": [{"title": [], "url": "http://store.is.autonavi.com/showpic/5ba4d7a6a60f19f60ceb082a1d54b5eb"}, {"title": [], "url": "http://store.is.autonavi.com/showpic/a051c214eba05c027392b585632b17dd"}, {"title": [], "url": "http://store.is.autonavi.com/showpic/994cdf64ba7e00b9925895f86cb0bbb1"}], "typecode": "050100", "shopinfo": "0", "poiweight": [], "childtype": [], "adname": "\u6d77\u6dc0\u533a", "name": "\u718f\u9676\u56ed", "location": "116.327022,40.006763", "tel": [], "shopid": [], "id": "B0FFGO1KZH"}, {"parent": "B000A9NMU2", "address": "\u6e05\u534e\u56ed\u8377\u6e05\u82d14", "distance": "328", "pname": "\u5317\u4eac\u5e02", "importance": [], "biz_ext": {"cost": [], "rating": []}, "biz_type": [], "cityname": "\u5317\u4eac\u5e02", "type": "\u751f\u6d3b\u670d\u52a1;\u4eba\u624d\u5e02\u573a;\u4eba\u624d\u5e02\u573a", "photos": [], "typecode": "070800", "shopinfo": "0", "poiweight": [], "childtype": "202", "adname": "\u6d77\u6dc0\u533a", "name": "\u6d77\u6dc0\u533a\u793e\u533a\u5c31\u4e1a\u670d\u52a1\u7ad9", "location": "116.323742,40.011988", "tel": [], "shopid": [], "id": "B0FFFEFIIV"}, {"parent": "B000A9NMU2", "address": "\u6e05\u534e\u56ed", "distance": "328", "pname": "\u5317\u4eac\u5e02", "importance": [], "biz_ext": {"cost": [], "rating": []}, "biz_type": [], "cityname": "\u5317\u4eac\u5e02", "type": "\u751f\u6d3b\u670d\u52a1;\u751f\u6d3b\u670d\u52a1\u573a\u6240;\u751f\u6d3b\u670d\u52a1\u573a\u6240", "photos": [{"title": [], "url": "http://store.is.autonavi.com/showpic/5385a28fa310086a99316862"}, {"title": [], "url": "http://store.is.autonavi.com/showpic/5385a28fa310086a99316870"}, {"title": [], "url": "http://store.is.autonavi.com/showpic/5385a28fa310086a99316865"}], "typecode": "070000", "shopinfo": "0", "poiweight": [], "childtype": "202", "adname": "\u6d77\u6dc0\u533a", "name": "\u8377\u6e05\u82d1\u793e\u533a\u670d\u52a1\u7ad9", "location": "116.323742,40.011988", "tel": [], "shopid": [], "id": "B0FFFALUUU"}, {"parent": [], "address": "\u6e05\u534e\u5927\u5b66\u6e05\u897f\u6587\u5316\u957f\u5eca\u72ec\u5cf0\u4e66\u96622\u5c42", "distance": "333", "pname": "\u5317\u4eac\u5e02", "importance": [], "biz_ext": {"cost": [], "opentime2": [], "rating": "4.4", "open_time": [], "meal_ordering": "0"}, "biz_type": "diner", "cityname": "\u5317\u4eac\u5e02", "type": "\u9910\u996e\u670d\u52a1;\u5916\u56fd\u9910\u5385;\u5916\u56fd\u9910\u5385", "photos": [{"title": [], "url": "http://store.is.autonavi.com/showpic/8ea94e3ed2d6b7a0c92c424c33b6c545"}, {"title": [], "url": "http://store.is.autonavi.com/showpic/596c04bb587c60fdb4322e3bce09d07a"}, {"title": [], "url": "http://store.is.autonavi.com/showpic/d9cdb14b834bc13afec0f55ae3b7358c"}], "typecode": "050200", "shopinfo": "0", "poiweight": [], "childtype": [], "adname": "\u6d77\u6dc0\u533a", "name": "\u7235\u58eb\u6bd4\u8428(\u72ec\u5cf0\u5e97)", "location": "116.323611,40.007234", "tel": "010-62789362", "shopid": [], "id": "B0FFFXOO6Q"}, {"parent": [], "address": "\u6e05\u534e\u5927\u5b66\u72ec\u5cf0\u4e66\u9662", "distance": "335", "pname": "\u5317\u4eac\u5e02", "importance": [], "biz_ext": {"cost": [], "rating": []}, "biz_type": [], "cityname": "\u5317\u4eac\u5e02", "type": "\u751f\u6d3b\u670d\u52a1;\u5171\u4eab\u8bbe\u5907;\u5145\u7535\u5b9d", "photos": [], "typecode": "072101", "shopinfo": "0", "poiweight": [], "childtype": [], "adname": "\u6d77\u6dc0\u533a", "name": "\u602a\u517d\u5145\u7535(\u72ec\u5cf0\u4e66\u9662)", "location": "116.323703,40.007160", "tel": [], "shopid": [], "id": "B0FFJL5691"}, {"parent": [], "address": [], "distance": "335", "pname": "\u5317\u4eac\u5e02", "importance": [], "biz_ext": {"cost": [], "rating": []}, "biz_type": [], "cityname": "\u5317\u4eac\u5e02", "type": "\u751f\u6d3b\u670d\u52a1;\u6444\u5f71\u51b2\u5370\u5e97;\u6444\u5f71\u51b2\u5370", "photos": [], "typecode": "071300", "shopinfo": "0", "poiweight": [], "childtype": [], "adname": "\u6d77\u6dc0\u533a", "name": "\u6052\u4fe1\u6570\u7801\u5feb\u5370", "location": "116.323651,40.007183", "tel": [], "shopid": [], "id": "B0FFLO9Z9S"}, {"parent": [], "address": "\u53cc\u6e05\u8def30\u53f7\u6e05\u534e\u5927\u5b66", "distance": "340", "pname": "\u5317\u4eac\u5e02", "importance": [], "biz_ext": {"cost": [], "rating": []}, "biz_type": [], "cityname": "\u5317\u4eac\u5e02", "type": "\u751f\u6d3b\u670d\u52a1;\u5171\u4eab\u8bbe\u5907;\u5145\u7535\u5b9d", "photos": [], "typecode": "072101", "shopinfo": "0", "poiweight": [], "childtype": [], "adname": "\u6d77\u6dc0\u533a", "name": "\u602a\u517d\u5145\u7535(\u72ec\u5cf0\u4e66\u9662\u5496\u5561\u5c4b)", "location": "116.323581,40.007169", "tel": [], "shopid": [], "id": "B0FFLLD9SU"}, {"parent": "B000A7BD6C", "address": "\u53cc\u6e05\u8def30\u53f7\u6e05\u534e\u5927\u5b66", "distance": "343", "pname": "\u5317\u4eac\u5e02", "importance": [], "biz_ext": {"cost": [], "rating": []}, "biz_type": [], "cityname": "\u5317\u4eac\u5e02", "type": "\u5546\u52a1\u4f4f\u5b85;\u4f4f\u5b85\u533a;\u5bbf\u820d", "photos": [{"title": [], "url": "http://store.is.autonavi.com/showpic/9c3729980a0f054b7b0de758c2811d2b"}], "typecode": "120303", "shopinfo": "0", "poiweight": [], "childtype": "309", "adname": "\u6d77\u6dc0\u533a", "name": "\u6e05\u534e\u5927\u5b66\u5b66\u751f\u516c\u5bd318\u53f7\u697c", "location": "116.328687,40.007299", "tel": [], "shopid": [], "id": "B0FFFDRAFS"}, {"parent": [], "address": "\u53cc\u6e05\u8def30\u53f7\u6e05\u534e\u5927\u5b66", "distance": "344", "pname": "\u5317\u4eac\u5e02", "importance": [], "biz_ext": {"cost": [], "rating": []}, "biz_type": [], "cityname": "\u5317\u4eac\u5e02", "type": "\u751f\u6d3b\u670d\u52a1;\u6d17\u8863\u5e97;\u6d17\u8863\u5e97", "photos": [{"title": [], "url": "http://store.is.autonavi.com/showpic/a795782d0e0841f4ca2568e05d3d9546"}, {"title": [], "url": "http://store.is.autonavi.com/showpic/967b0fb424b235b91a771c29120d5493"}, {"title": [], "url": "http://store.is.autonavi.com/showpic/49906af2f9081ef0f2ed88f4b22096c1"}], "typecode": "071500", "shopinfo": "0", "poiweight": [], "childtype": [], "adname": "\u6d77\u6dc0\u533a", "name": "\u6e05\u6cc9\u5b66\u751f\u6d17\u8863\u623f", "location": "116.329428,40.011251", "tel": [], "shopid": [], "id": "B0FFGIGW13"}, {"parent": "B000A7BD6C", "address": "\u53cc\u6e05\u8def30\u53f7\u6e05\u534e\u5927\u5b66", "distance": "347", "pname": "\u5317\u4eac\u5e02", "importance": [], "biz_ext": {"cost": [], "rating": []}, "biz_type": [], "cityname": "\u5317\u4eac\u5e02", "type": "\u5546\u52a1\u4f4f\u5b85;\u4f4f\u5b85\u533a;\u5bbf\u820d", "photos": [{"title": [], "url": "http://store.is.autonavi.com/showpic/5385a28ea310086a99316460"}, {"title": [], "url": "http://store.is.autonavi.com/showpic/5385a28ea310086a9931646e"}, {"title": [], "url": "http://store.is.autonavi.com/showpic/5385a28ea310086a9931646b"}], "typecode": "120303", "shopinfo": "0", "poiweight": [], "childtype": "309", "adname": "\u6d77\u6dc0\u533a", "name": "\u6e05\u534e\u5927\u5b66\u5b66\u751f\u516c\u5bd334\u53f7\u697c", "location": "116.329893,40.008664", "tel": [], "shopid": [], "id": "B000A9PIAU"}, {"parent": "B000A7BD6C", "address": "\u53cc\u6e05\u8def30\u53f7\u6e05\u534e\u5927\u5b66", "distance": "349", "pname": "\u5317\u4eac\u5e02", "importance": [], "biz_ext": {"cost": [], "rating": []}, "biz_type": [], "cityname": "\u5317\u4eac\u5e02", "type": "\u5546\u52a1\u4f4f\u5b85;\u4f4f\u5b85\u533a;\u5bbf\u820d", "photos": [{"title": [], "url": "http://store.is.autonavi.com/showpic/5385a28fa310086a99316814"}], "typecode": "120303", "shopinfo": "0", "poiweight": [], "childtype": "309", "adname": "\u6d77\u6dc0\u533a", "name": "\u6e05\u534e\u5927\u5b6617\u53f7\u5bbf\u820d\u697c", "location": "116.323248,40.007279", "tel": [], "shopid": [], "id": "B0FFF0EG1Y"}, {"parent": "B000A7BD6C", "address": "\u53cc\u6e05\u8def30\u53f7\u6e05\u534e\u5927\u5b66", "distance": "351", "pname": "\u5317\u4eac\u5e02", "importance": [], "biz_ext": {"cost": [], "rating": []}, "biz_type": [], "cityname": "\u5317\u4eac\u5e02", "type": "\u5546\u52a1\u4f4f\u5b85;\u4f4f\u5b85\u533a;\u5bbf\u820d", "photos": [{"title": [], "url": "http://store.is.autonavi.com/showpic/35b4bb6f20a66e7c9792d9bd57944b1e"}], "typecode": "120303", "shopinfo": "0", "poiweight": [], "childtype": "309", "adname": "\u6d77\u6dc0\u533a", "name": "\u6e05\u534e\u5927\u5b66\u7d2b\u8346\u5b66\u751f\u516c\u5bd3", "location": "116.329398,40.011394", "tel": [], "shopid": [], "id": "B0FFFV1OIB"}, {"parent": "B000A7BD6C", "address": "\u53cc\u6e05\u8def30\u53f7\u6e05\u534e\u5927\u5b66", "distance": "357", "pname": "\u5317\u4eac\u5e02", "importance": [], "biz_ext": {"cost": [], "rating": []}, "biz_type": [], "cityname": "\u5317\u4eac\u5e02", "type": "\u5546\u52a1\u4f4f\u5b85;\u4f4f\u5b85\u533a;\u5bbf\u820d", "photos": [], "typecode": "120303", "shopinfo": "0", "poiweight": [], "childtype": "309", "adname": "\u6d77\u6dc0\u533a", "name": "\u6e05\u534e\u5927\u5b6616\u53f7\u5bbf\u820d\u697c", "location": "116.322774,40.007552", "tel": [], "shopid": [], "id": "B0FFFEFIIN"}, {"parent": "B000A7BD6C", "address": "\u53cc\u6e05\u8def30\u53f7\u6e05\u534e\u5927\u5b66", "distance": "363", "pname": "\u5317\u4eac\u5e02", "importance": [], "biz_ext": {"cost": [], "rating": []}, "biz_type": [], "cityname": "\u5317\u4eac\u5e02", "type": "\u5546\u52a1\u4f4f\u5b85;\u4f4f\u5b85\u533a;\u5bbf\u820d", "photos": [], "typecode": "120303", "shopinfo": "0", "poiweight": [], "childtype": "309", "adname": "\u6d77\u6dc0\u533a", "name": "\u6e05\u534e\u5927\u5b66\u5b66\u751f\u516c\u5bd315\u53f7\u697c", "location": "116.327942,40.006699", "tel": [], "shopid": [], "id": "B0FFFAKF3C"}, {"parent": [], "address": "\u8377\u6e05\u8def\u9644\u8fd1", "distance": "365", "pname": "\u5317\u4eac\u5e02", "importance": [], "biz_ext": {"cost": [], "rating": []}, "biz_type": [], "cityname": "\u5317\u4eac\u5e02", "type": "\u751f\u6d3b\u670d\u52a1;\u6d17\u6d74\u63a8\u62ff\u573a\u6240;\u6d17\u6d74\u63a8\u62ff\u573a\u6240", "photos": [], "typecode": "071400", "shopinfo": "0", "poiweight": [], "childtype": [], "adname": "\u6d77\u6dc0\u533a", "name": "\u8db3\u7597\u4fdd\u5065(\u8377\u6e05\u82d1\u5c0f\u533a\u5317)", "location": "116.323723,40.012384", "tel": [], "shopid": [], "id": "B0FFFEFIJ0"}, {"parent": "B000A7BD6C", "address": "\u8377\u6e05\u8def", "distance": "365", "pname": "\u5317\u4eac\u5e02", "importance": [], "biz_ext": {"cost": [], "rating": []}, "biz_type": [], "cityname": "\u5317\u4eac\u5e02", "type": "\u5546\u52a1\u4f4f\u5b85;\u4f4f\u5b85\u533a;\u4f4f\u5b85\u5c0f\u533a", "photos": [{"title": [], "url": "http://store.is.autonavi.com/showpic/5385a28fa310086a99316878"}, {"title": [], "url": "http://store.is.autonavi.com/showpic/c0d6beeef33f456381d8fe02416e691a"}], "typecode": "120302", "shopinfo": "0", "poiweight": [], "childtype": "309", "adname": "\u6d77\u6dc0\u533a", "name": "\u6e05\u534e\u5927\u5b66\u8377\u6e05\u82d1\u5c0f\u533a", "location": "116.323551,40.012299", "tel": [], "shopid": [], "id": "B000A84B5I"}, {"parent": "B000A7BD6C", "address": "\u53cc\u6e05\u8def30\u53f7\u6e05\u534e\u5927\u5b66", "distance": "365", "pname": "\u5317\u4eac\u5e02", "importance": [], "biz_ext": {"cost": [], "rating": []}, "biz_type": [], "cityname": "\u5317\u4eac\u5e02", "type": "\u5546\u52a1\u4f4f\u5b85;\u4f4f\u5b85\u533a;\u5bbf\u820d", "photos": [{"title": [], "url": "http://store.is.autonavi.com/showpic/5385a28ea310086a993164ca"}, {"title": [], "url": "http://store.is.autonavi.com/showpic/5385a28ea310086a9931647c"}, {"title": [], "url": "http://store.is.autonavi.com/showpic/5385a28ea310086a993164c8"}], "typecode": "120303", "shopinfo": "0", "poiweight": [], "childtype": "309", "adname": "\u6d77\u6dc0\u533a", "name": "\u6e05\u534e\u5927\u5b66\u5b66\u751f\u516c\u5bd335\u53f7\u697c", "location": "116.329939,40.008295", "tel": [], "shopid": [], "id": "B000A9PIKU"}, {"parent": [], "address": "\u53cc\u6e05\u8def30\u53f7\u6e05\u534e\u5927\u5b66\u5185", "distance": "371", "pname": "\u5317\u4eac\u5e02", "importance": [], "biz_ext": {"cost": [], "opentime2": "\u6bcf\u592906:30-09:30\uff1b\u6bcf\u592911:00-13:00\uff1b\u6bcf\u592917:00-19:00", "rating": "4.0", "open_time": "06:30-09:30 11:00-13:00 17:00-19:00", "meal_ordering": "0"}, "biz_type": "diner", "cityname": "\u5317\u4eac\u5e02", "type": "\u9910\u996e\u670d\u52a1;\u4e2d\u9910\u5385;\u4e2d\u9910\u5385", "photos": [{"title": [], "url": "http://store.is.autonavi.com/showpic/6d09e6ba5fdadaf16e6ebeb38d2fe1c7"}, {"title": [], "url": "http://store.is.autonavi.com/showpic/5385a28fa310086a993167b7"}, {"title": [], "url": "http://store.is.autonavi.com/showpic/cbc12a9249dd6c41acd6117bd025a3ae"}], "typecode": "050100", "shopinfo": "0", "poiweight": [], "childtype": [], "adname": "\u6d77\u6dc0\u533a", "name": "\u542c\u6d9b\u56ed", "location": "116.327035,40.006364", "tel": [], "shopid": [], "id": "B000A80T1V"}, {"parent": [], "address": "\u53cc\u6e05\u8def30\u53f7\u6e05\u534e\u5927\u5b66", "distance": "375", "pname": "\u5317\u4eac\u5e02", "importance": [], "biz_ext": {"cost": [], "rating": []}, "biz_type": [], "cityname": "\u5317\u4eac\u5e02", "type": "\u751f\u6d3b\u670d\u52a1;\u7ef4\u4fee\u7ad9\u70b9;\u7ef4\u4fee\u7ad9\u70b9", "photos": [], "typecode": "071200", "shopinfo": "0", "poiweight": [], "childtype": [], "adname": "\u6d77\u6dc0\u533a", "name": "\u5b66\u670d\u4fee\u8f66\u94fa", "location": "116.328252,40.006707", "tel": [], "shopid": [], "id": "B0FFH17V5I"}, {"parent": "B000A7BD6C", "address": "\u53cc\u6e05\u8def30\u53f7\u6e05\u534e\u5927\u5b66", "distance": "377", "pname": "\u5317\u4eac\u5e02", "importance": [], "biz_ext": {"cost": [], "rating": []}, "biz_type": [], "cityname": "\u5317\u4eac\u5e02", "type": "\u751f\u6d3b\u670d\u52a1;\u751f\u6d3b\u670d\u52a1\u573a\u6240;\u751f\u6d3b\u670d\u52a1\u573a\u6240", "photos": [], "typecode": "070000", "shopinfo": "0", "poiweight": [], "childtype": "309", "adname": "\u6d77\u6dc0\u533a", "name": "\u6e05\u534e\u5927\u5b66\u996e\u98df\u670d\u52a1\u4e2d\u5fc3\u5b66\u751f\u9910\u5361\u7ed3\u7b97\u673a\u623f", "location": "116.327833,40.006512", "tel": [], "shopid": [], "id": "B0FFGIIEIR"}], "status": "1", "info": "OK"}