{"suggestion": {"keywords": [], "cities": []}, "count": "84", "infocode": "10000", "pois": [{"parent": "B000A7BD6C", "address": "\u53cc\u6e05\u8def30\u53f7\u6e05\u534e\u5927\u5b66", "distance": "377", "pname": "\u5317\u4eac\u5e02", "importance": [], "biz_ext": {"cost": [], "rating": []}, "biz_type": [], "cityname": "\u5317\u4eac\u5e02", "type": "\u5546\u52a1\u4f4f\u5b85;\u4f4f\u5b85\u533a;\u5bbf\u820d", "photos": [{"title": [], "url": "http://store.is.autonavi.com/showpic/89ff4d9f4f11cea48346f04e0292cb4b"}], "typecode": "120303", "shopinfo": "0", "poiweight": [], "childtype": "309", "adname": "\u6d77\u6dc0\u533a", "name": "\u6e05\u534e\u5927\u5b66\u5b66\u751f\u516c\u5bd34\u53f7\u697c", "location": "116.325176,40.006268", "tel": [], "shopid": [], "id": "B000A7Q6HY"}, {"parent": [], "address": "\u6e05\u534e\u5927\u5b66\u7d2b\u8346\u64cd\u573a\u4e1c\u5317\u89d2(\u7d2b\u834a\u516c\u5bd38\u53f7\u697c)", "distance": "384", "pname": "\u5317\u4eac\u5e02", "importance": [], "biz_ext": {"cost": [], "rating": "3.5"}, "biz_type": [], "cityname": "\u5317\u4eac\u5e02", "type": "\u751f\u6d3b\u670d\u52a1;\u751f\u6d3b\u670d\u52a1\u573a\u6240;\u751f\u6d3b\u670d\u52a1\u573a\u6240", "photos": [{"title": [], "url": "http://store.is.autonavi.com/showpic/57b49ae7c85bfb2ba202fceb3aae3f4a"}, {"title": [], "url": "http://store.is.autonavi.com/showpic/52faa9b9c1eeb84d4d0b83b6b9c6a575"}, {"title": [], "url": "http://store.is.autonavi.com/showpic/035adb6818ce3593008783b547bf25f4"}], "typecode": "070000", "shopinfo": "0", "poiweight": [], "childtype": [], "adname": "\u6d77\u6dc0\u533a", "name": "\u5fc3\u6021\u6570\u7801\u590d\u5370\u4e2d\u5fc3", "location": "116.329931,40.011300", "tel": "13581807371", "shopid": [], "id": "B0FFIMFBV5"}, {"parent": [], "address": "\u53cc\u6e05\u8def30\u53f7\u6e05\u534e\u5927\u5b66", "distance": "388", "pname": "\u5317\u4eac\u5e02", "importance": [], "biz_ext": {"cost": [], "rating": []}, "biz_type": [], "cityname": "\u5317\u4eac\u5e02", "type": "\u751f\u6d3b\u670d\u52a1;\u7269\u6d41\u901f\u9012;\u7269\u6d41\u901f\u9012", "photos": [], "typecode": "070500", "shopinfo": "0", "poiweight": [], "childtype": [], "adname": "\u6d77\u6dc0\u533a", "name": "\u5706\u901a\u901f\u9012", "location": "116.326970,40.013018", "tel": "95554", "shopid": [], "id": "B0FFFFBKLV"}, {"parent": [], "address": "\u53cc\u6e05\u8def30\u53f7\u6e05\u534e\u5927\u5b66", "distance": "392", "pname": "\u5317\u4eac\u5e02", "importance": [], "biz_ext": {"cost": [], "rating": "3.5"}, "biz_type": [], "cityname": "\u5317\u4eac\u5e02", "type": "\u751f\u6d3b\u670d\u52a1;\u7269\u6d41\u901f\u9012;\u7269\u6d41\u901f\u9012", "photos": [{"title": [], "url": "http://store.is.autonavi.com/showpic/64188cc975c91bcf1cc98e3d61930b4c"}, {"title": [], "url": "http://store.is.autonavi.com/showpic/85c56692a3ed14378c468e1a6b171e82"}, {"title": [], "url": "http://store.is.autonavi.com/showpic/84795ab26b38692912fd489653b73c2f"}], "typecode": "070500", "shopinfo": "0", "poiweight": [], "childtype": [], "adname": "\u6d77\u6dc0\u533a", "name": "\u4eac\u4e1c\u5546\u57ce\u8d27\u7269\u81ea\u63d0\u70b9", "location": "116.327232,40.012714", "tel": [], "shopid": [], "id": "B0FFFF6O4E"}, {"parent": "B000A7BD6C", "address": "\u53cc\u6e05\u8def30\u53f7\u6e05\u534e\u5927\u5b66", "distance": "394", "pname": "\u5317\u4eac\u5e02", "importance": [], "biz_ext": {"cost": [], "rating": "3.5"}, "biz_type": [], "cityname": "\u5317\u4eac\u5e02", "type": "\u751f\u6d3b\u670d\u52a1;\u7269\u6d41\u901f\u9012;\u7269\u6d41\u901f\u9012", "photos": [{"title": [], "url": "http://store.is.autonavi.com/showpic/c956354c3a51aa8f5959af0ee4570964"}, {"title": [], "url": "http://store.is.autonavi.com/showpic/327260451151abe523dce85af94921fe"}, {"title": [], "url": "http://store.is.autonavi.com/showpic/8c70ef6a6e8340186004bb4ebbb2e71a"}], "typecode": "070500", "shopinfo": "0", "poiweight": [], "childtype": "309", "adname": "\u6d77\u6dc0\u533a", "name": "\u6e05\u534e\u5927\u5b66\u5b66\u751f\u533a\u5feb\u9012\u670d\u52a1\u70b9", "location": "116.327016,40.013060", "tel": [], "shopid": [], "id": "B0FFF38MX0"}, {"parent": "B000A7BD6C", "address": "\u53cc\u6e05\u8def30\u53f7\u6e05\u534e\u5927\u5b66", "distance": "402", "pname": "\u5317\u4eac\u5e02", "importance": [], "biz_ext": {"cost": [], "rating": []}, "biz_type": [], "cityname": "\u5317\u4eac\u5e02", "type": "\u5546\u52a1\u4f4f\u5b85;\u4f4f\u5b85\u533a;\u5bbf\u820d", "photos": [{"title": [], "url": "http://store.is.autonavi.com/showpic/f2df6cca86a9a4028a5c0115fc7ff66b"}, {"title": [], "url": "http://store.is.autonavi.com/showpic/5385a290a310086a993168fc"}, {"title": [], "url": "http://store.is.autonavi.com/showpic/5385a290a310086a993168f9"}], "typecode": "120303", "shopinfo": "0", "poiweight": [], "childtype": "309", "adname": "\u6d77\u6dc0\u533a", "name": "\u6e05\u534e\u5927\u5b6618\u53f7\u5bbf\u820d\u697c", "location": "116.322185,40.007483", "tel": [], "shopid": [], "id": "B000A7Q6HT"}, {"parent": "B000A7BD6C", "address": "\u53cc\u6e05\u8def30\u53f7\u6e05\u534e\u5927\u5b66", "distance": "404", "pname": "\u5317\u4eac\u5e02", "importance": [], "biz_ext": {"cost": [], "rating": []}, "biz_type": [], "cityname": "\u5317\u4eac\u5e02", "type": "\u5546\u52a1\u4f4f\u5b85;\u4f4f\u5b85\u533a;\u5bbf\u820d", "photos": [{"title": [], "url": "http://store.is.autonavi.com/showpic/5385a28fa310086a993167df"}, {"title": [], "url": "http://store.is.autonavi.com/showpic/0a9ce13ec74c27ba46a8e979e0077ab8"}, {"title": [], "url": "http://store.is.autonavi.com/showpic/5385a28fa310086a993167dd"}], "typecode": "120303", "shopinfo": "0", "poiweight": [], "childtype": "309", "adname": "\u6d77\u6dc0\u533a", "name": "\u6e05\u534e\u5927\u5b66\u5b66\u751f\u516c\u5bd33\u53f7\u697c", "location": "116.324202,40.006238", "tel": [], "shopid": [], "id": "B000A7Q6HO"}, {"parent": "B000A7BD6C", "address": "\u53cc\u6e05\u8def30\u53f7\u6e05\u534e\u5927\u5b66\u5185", "distance": "421", "pname": "\u5317\u4eac\u5e02", "importance": [], "biz_ext": {"cost": [], "opentime2": "10:00-21:00", "rating": "4.3", "open_time": "10:00-21:00", "meal_ordering": "0"}, "biz_type": "diner", "cityname": "\u5317\u4eac\u5e02", "type": "\u9910\u996e\u670d\u52a1;\u5feb\u9910\u5385;\u5feb\u9910\u5385", "photos": [{"title": [], "url": "http://store.is.autonavi.com/showpic/1c8aae466863c5acf55a262d36d00798"}, {"title": [], "url": "http://store.is.autonavi.com/showpic/0545b94c0a26c13a3c5eabe5fa4c08ed"}, {"title": [], "url": "http://store.is.autonavi.com/showpic/f98a6b186f484ccc9b8abc53078d0f9d"}], "typecode": "050300", "shopinfo": "0", "poiweight": [], "childtype": "309", "adname": "\u6d77\u6dc0\u533a", "name": "\u6e05\u534e\u5927\u5b66\u996e\u98df\u5e7f\u573a", "location": "116.322665,40.006814", "tel": [], "shopid": [], "id": "B0FFF6WHTH"}, {"parent": [], "address": "\u6e05\u534e\u5927\u5b66\u89c2\u7574\u56edB1\u5c42", "distance": "423", "pname": "\u5317\u4eac\u5e02", "importance": [], "biz_ext": {"cost": [], "rating": []}, "biz_type": [], "cityname": "\u5317\u4eac\u5e02", "type": "\u751f\u6d3b\u670d\u52a1;\u7ef4\u4fee\u7ad9\u70b9;\u7ef4\u4fee\u7ad9\u70b9", "photos": [{"title": [], "url": "http://store.is.autonavi.com/showpic/97901b692c447f3c763b3ea31fa73050"}], "typecode": "071200", "shopinfo": "1", "poiweight": [], "childtype": [], "adname": "\u6d77\u6dc0\u533a", "name": "\u5343\u673a\u7f51\u624b\u673a\u7ef4\u4fee(\u5317\u4eac\u6e05\u534e\u5927\u5b66\u5e97)", "location": "116.322668,40.006788", "tel": [], "shopid": [], "id": "B0FFHQ3X79"}, {"parent": [], "address": "\u6e05\u534e\u5927\u5b66\u7d2b\u8346\u516c\u5bd310\u53f7\u697c\u4e0b", "distance": "426", "pname": "\u5317\u4eac\u5e02", "importance": [], "biz_ext": {"cost": [], "rating": []}, "biz_type": [], "cityname": "\u5317\u4eac\u5e02", "type": "\u751f\u6d3b\u670d\u52a1;\u751f\u6d3b\u670d\u52a1\u573a\u6240;\u751f\u6d3b\u670d\u52a1\u573a\u6240", "photos": [{"title": [], "url": "http://store.is.autonavi.com/showpic/9a7f38b23d40e89825c0f40c135ef7fa"}, {"title": [], "url": "http://store.is.autonavi.com/showpic/cfe1ed9dfbce0965609a4b33e018dd77"}, {"title": [], "url": "http://store.is.autonavi.com/showpic/a2cf3aba8b9d550c328221f6756412b4"}], "typecode": "070000", "shopinfo": "0", "poiweight": [], "childtype": [], "adname": "\u6d77\u6dc0\u533a", "name": "\u82b3\u4e50\u56fe\u6587\u5feb\u5370\u4e2d\u5fc3", "location": "116.329958,40.011955", "tel": "13716772087", "shopid": [], "id": "B0FFJ1DXA3"}, {"parent": "B000A7BD6C", "address": "\u53cc\u6e05\u8def30\u53f7", "distance": "427", "pname": "\u5317\u4eac\u5e02", "importance": [], "biz_ext": {"cost": "37.00", "opentime2": "11:00-14:00\uff1b17:00-20:30", "rating": "4.2", "open_time": "11:00-14:00 17:00-20:30", "meal_ordering": "0"}, "biz_type": "diner", "cityname": "\u5317\u4eac\u5e02", "type": "\u9910\u996e\u670d\u52a1;\u4e2d\u9910\u5385;\u4e2d\u9910\u5385", "photos": [{"title": [], "url": "http://store.is.autonavi.com/showpic/807a5bc99947b758dbcbf4bac6d728ad"}, {"title": [], "url": "http://store.is.autonavi.com/showpic/4f27d23119d429248bd7efa69add131d"}, {"title": [], "url": "http://store.is.autonavi.com/showpic/5e83a198fc878c366eb652247d7cb206"}], "typecode": "050100", "shopinfo": "0", "poiweight": [], "childtype": "309", "adname": "\u6d77\u6dc0\u533a", "name": "\u6e05\u534e\u5927\u5b66\u89c2\u7574\u56ed", "location": "116.322438,40.0069", "tel": "010-62782563;010-62782248", "shopid": [], "id": "B000A7P667"}, {"parent": [], "address": "\u5929\u732b\u6821\u56ed\u6e05\u534e\u5927\u5b66\u89c2\u7574\u56ed\u5e97\u5185", "distance": "434", "pname": "\u5317\u4eac\u5e02", "importance": [], "biz_ext": {"cost": [], "opentime2": "09:00-21:00", "rating": [], "open_time": "09:00-21:00", "meal_ordering": "0"}, "biz_type": "diner", "cityname": "\u5317\u4eac\u5e02", "type": "\u9910\u996e\u670d\u52a1;\u9910\u996e\u76f8\u5173\u573a\u6240;\u9910\u996e\u76f8\u5173", "photos": [{"title": [], "url": "http://store.is.autonavi.com/showpic/0362f748198eea67987bc38f384a1e48"}, {"title": [], "url": "http://store.is.autonavi.com/showpic/fff42cd21ddc30fea72b25d822a70ab8"}, {"title": [], "url": "http://store.is.autonavi.com/showpic/197c13967c897fb9c6f21f0de64a74b7"}], "typecode": "050000", "shopinfo": "1", "poiweight": [], "childtype": [], "adname": "\u6d77\u6dc0\u533a", "name": "\u7edd\u5473\u9e2d\u8116", "location": "116.322265,40.006956", "tel": "18911302590", "shopid": [], "id": "B0FFMDYRBI"}, {"parent": [], "address": "\u89c2\u7574\u56ed\u5357\u4fa7", "distance": "454", "pname": "\u5317\u4eac\u5e02", "importance": [], "biz_ext": {"cost": "64.00", "opentime2": "09:30-20:00", "rating": "3.8", "open_time": "09:30-20:00", "meal_ordering": "0"}, "biz_type": "diner", "cityname": "\u5317\u4eac\u5e02", "type": "\u9910\u996e\u670d\u52a1;\u4e2d\u9910\u5385;\u4e2d\u9910\u5385|\u9910\u996e\u670d\u52a1;\u5496\u5561\u5385;\u5496\u5561\u5385", "photos": [{"title": [], "url": "http://store.is.autonavi.com/showpic/64b74ba2a6d413d7456b3a50a8bcdd95"}, {"title": [], "url": "http://store.is.autonavi.com/showpic/36be9f68692043ae92dd7d034144afd6"}, {"title": [], "url": "http://store.is.autonavi.com/showpic/7450709b56e8c5d4833c7d584d9e4af8"}], "typecode": "050100|050500", "shopinfo": "0", "poiweight": [], "childtype": [], "adname": "\u6d77\u6dc0\u533a", "name": "\u6e05\u9752\u5496\u5561", "location": "116.322305,40.006660", "tel": "010-62777789;13681590153", "shopid": [], "id": "B000A9ILVT"}, {"parent": "B000A7BD6C", "address": "\u53cc\u6e05\u8def30\u53f7\u6e05\u534e\u5927\u5b66", "distance": "455", "pname": "\u5317\u4eac\u5e02", "importance": [], "biz_ext": {"cost": [], "rating": []}, "biz_type": [], "cityname": "\u5317\u4eac\u5e02", "type": "\u5546\u52a1\u4f4f\u5b85;\u4f4f\u5b85\u533a;\u5bbf\u820d", "photos": [{"title": [], "url": "http://store.is.autonavi.com/showpic/5385a290a310086a993168e2"}], "typecode": "120303", "shopinfo": "0", "poiweight": [], "childtype": "309", "adname": "\u6d77\u6dc0\u533a", "name": "\u6e05\u534e\u5927\u5b6615\u53f7\u5bbf\u820d\u697c", "location": "116.321451,40.007455", "tel": [], "shopid": [], "id": "B000ABBX5E"}, {"parent": "B000A7BD6C", "address": "\u53cc\u6e05\u8def30\u53f7\u6e05\u534e\u5927\u5b66", "distance": "459", "pname": "\u5317\u4eac\u5e02", "importance": [], "biz_ext": {"cost": [], "rating": []}, "biz_type": [], "cityname": "\u5317\u4eac\u5e02", "type": "\u751f\u6d3b\u670d\u52a1;\u751f\u6d3b\u670d\u52a1\u573a\u6240;\u751f\u6d3b\u670d\u52a1\u573a\u6240", "photos": [{"title": [], "url": "http://store.is.autonavi.com/showpic/53a3c635a31013cc726b6a8a"}], "typecode": "070000", "shopinfo": "0", "poiweight": [], "childtype": "309", "adname": "\u6d77\u6dc0\u533a", "name": "\u6e05\u534e\u5927\u5b66\u7269\u4e1a\u7ba1\u7406\u4e2d\u5fc3", "location": "116.326282,40.005485", "tel": [], "shopid": [], "id": "B000A9V1ZZ"}, {"parent": [], "address": "\u5929\u732b\u6821\u56ed\u89c2\u7574\u56ed", "distance": "460", "pname": "\u5317\u4eac\u5e02", "importance": [], "biz_ext": {"cost": [], "rating": []}, "biz_type": [], "cityname": "\u5317\u4eac\u5e02", "type": "\u751f\u6d3b\u670d\u52a1;\u6d17\u8863\u5e97;\u6d17\u8863\u5e97", "photos": [{"title": [], "url": "http://store.is.autonavi.com/showpic/b81448996ea1bda33eccaffd74a4ee3b"}, {"title": [], "url": "http://store.is.autonavi.com/showpic/b6968cc4046a7f56dd2dde661020db68"}], "typecode": "071500", "shopinfo": "1", "poiweight": [], "childtype": [], "adname": "\u6d77\u6dc0\u533a", "name": "\u5fb7\u660e\u5e03\u827a\u6d17\u8863", "location": "116.322195,40.006665", "tel": [], "shopid": [], "id": "B0FFHOSP3G"}, {"parent": [], "address": "\u6e05\u534e\u56ed\u8857\u9053", "distance": "467", "pname": "\u5317\u4eac\u5e02", "importance": [], "biz_ext": {"cost": [], "opentime2": "09:30-20:30", "rating": "5.0", "open_time": "09:30-20:30", "meal_ordering": "0"}, "biz_type": "diner", "cityname": "\u5317\u4eac\u5e02", "type": "\u9910\u996e\u670d\u52a1;\u4e2d\u9910\u5385;\u4e2d\u9910\u5385", "photos": [{"title": [], "url": "http://store.is.autonavi.com/showpic/1a647def2c97bc71a3ae2229762753ed"}, {"title": [], "url": "http://aos-cdn-image.amap.com/sns/ugccomment/5a405f0a-e508-41f8-84b3-18152db79a25.jpg"}, {"title": [], "url": "http://aos-cdn-image.amap.com/sns/ugccomment/7e7abb35-198b-4b87-8f70-d138f6659e87.jpg"}], "typecode": "050100", "shopinfo": "1", "poiweight": [], "childtype": [], "adname": "\u6d77\u6dc0\u533a", "name": "\u5317\u6f02\u51b7\u9762\u54e5", "location": "116.322239,40.006556", "tel": "18510061555", "shopid": [], "id": "B0G0AUV8KS"}, {"parent": [], "address": "\u53cc\u6e05\u8def30\u53f7\u6e05\u534e\u5927\u5b66", "distance": "474", "pname": "\u5317\u4eac\u5e02", "importance": [], "biz_ext": {"cost": [], "opentime2": "\u6bcf\u592906:30-09:30\uff1b\u6bcf\u592910:45-13:00\uff1b\u6bcf\u592916:45-19:00", "rating": "4.3", "open_time": "06:30-09:30 10:45-13:00 16:45-19:00", "meal_ordering": "0"}, "biz_type": "diner", "cityname": "\u5317\u4eac\u5e02", "type": "\u9910\u996e\u670d\u52a1;\u4e2d\u9910\u5385;\u4e2d\u9910\u5385", "photos": [{"title": [], "url": "http://store.is.autonavi.com/showpic/8f6716163f41f8b044d61c3ae1904865"}, {"title": [], "url": "http://store.is.autonavi.com/showpic/067f87b3d227e9031646dcd7d6fe4830"}, {"title": [], "url": "http://store.is.autonavi.com/showpic/87160b95a8a760e093073ad96ea7b616"}], "typecode": "050100", "shopinfo": "0", "poiweight": [], "childtype": [], "adname": "\u6d77\u6dc0\u533a", "name": "\u6e05\u82ac\u56ed\u5b66\u751f\u98df\u5802", "location": "116.328177,40.00568", "tel": [], "shopid": [], "id": "B0FFFFK4EO"}, {"parent": "B000A7BD6C", "address": "\u53cc\u6e05\u8def30\u53f7\u6e05\u534e\u5927\u5b66", "distance": "475", "pname": "\u5317\u4eac\u5e02", "importance": [], "biz_ext": {"cost": [], "rating": []}, "biz_type": [], "cityname": "\u5317\u4eac\u5e02", "type": "\u5546\u52a1\u4f4f\u5b85;\u4f4f\u5b85\u533a;\u5bbf\u820d", "photos": [{"title": [], "url": "http://store.is.autonavi.com/showpic/5385a28fa310086a9931668a"}], "typecode": "120303", "shopinfo": "0", "poiweight": [], "childtype": "309", "adname": "\u6d77\u6dc0\u533a", "name": "\u6e05\u534e\u5927\u5b66\u5b66\u751f\u516c\u5bd36\u53f7\u697c", "location": "116.329007,40.006005", "tel": [], "shopid": [], "id": "B000A9PIKW"}, {"parent": "B000A7BD6C", "address": "\u6e05\u534e\u56ed\u8857\u9053\u53cc\u6e05\u8def30\u53f7", "distance": "475", "pname": "\u5317\u4eac\u5e02", "importance": [], "biz_ext": {"cost": [], "opentime2": "\u6bcf\u592906:30-08:30\uff1b\u6bcf\u592911:00-13:00\uff1b\u6bcf\u592917:00-19:00", "rating": [], "open_time": "06:30-08:30 11:00-13:00 17:00-19:00", "meal_ordering": "0"}, "biz_type": "diner", "cityname": "\u5317\u4eac\u5e02", "type": "\u9910\u996e\u670d\u52a1;\u4e2d\u9910\u5385;\u6e05\u771f\u83dc\u9986", "photos": [], "typecode": "050121", "shopinfo": "0", "poiweight": [], "childtype": "309", "adname": "\u6d77\u6dc0\u533a", "name": "\u6e05\u534e\u5927\u5b66\u56de\u6c11\u98df\u5802", "location": "116.321968,40.006656", "tel": [], "shopid": [], "id": "B0FFFFJM0E"}], "status": "1", "info": "OK"}